<?xml version="1.0" encoding="utf-8"?>
<annotations>
  <version>1.1</version>
  <meta>
    <job>
      <id>2641341</id>
      <size>487</size>
      <mode>interpolation</mode>
      <overlap>5</overlap>
      <bugtracker></bugtracker>
      <created>2025-07-05 07:03:12.065139+00:00</created>
      <updated>2025-07-05 08:38:19.064231+00:00</updated>
      <subset>default</subset>
      <start_frame>0</start_frame>
      <stop_frame>486</stop_frame>
      <frame_filter></frame_filter>
      <segments>
        <segment>
          <id>2643233</id>
          <start>0</start>
          <stop>486</stop>
          <url>https://app.cvat.ai/api/jobs/2641341</url>
        </segment>
      </segments>
      <owner>
        <username>garima6</username>
        <email>garimasethi0022@gmail.com</email>
      </owner>
      <assignee></assignee>
      <labels>
        <label>
          <name>Perfect_Placement</name>
          <color>#187e6f</color>
          <type>any</type>
          <attributes>
          </attributes>
        </label>
        <label>
          <name>Acceptable_Placement</name>
          <color>#dedc09</color>
          <type>any</type>
          <attributes>
          </attributes>
        </label>
        <label>
          <name>Faulty_Placement</name>
          <color>#354e01</color>
          <type>any</type>
          <attributes>
          </attributes>
        </label>
        <label>
          <name>Label_Facing_Camera</name>
          <color>#f1bbf1</color>
          <type>any</type>
          <attributes>
            <attribute>
              <name>Barcode/description clearly visible</name>
              <mutable>False</mutable>
              <input_type>checkbox</input_type>
              <default_value>true</default_value>
              <values>true</values>
            </attribute>
          </attributes>
        </label>
        <label>
          <name>Label_Hidden</name>
          <color>#bd8dbf</color>
          <type>any</type>
          <attributes>
          </attributes>
        </label>
        <label>
          <name>Label_Glare</name>
          <color>#5aba55</color>
          <type>any</type>
          <attributes>
          </attributes>
        </label>
        <label>
          <name>Shelf_Edge_Risk</name>
          <color>#a3e83f</color>
          <type>any</type>
          <attributes>
            <attribute>
              <name>Item within 2cm of shelf edge</name>
              <mutable>False</mutable>
              <input_type>checkbox</input_type>
              <default_value>false</default_value>
              <values>false</values>
            </attribute>
          </attributes>
        </label>
        <label>
          <name>Stacking_Violation</name>
          <color>#6ede58</color>
          <type>any</type>
          <attributes>
          </attributes>
        </label>
        <label>
          <name>Overhang_Hazard</name>
          <color>#c28bd9</color>
          <type>any</type>
          <attributes>
            <attribute>
              <name>Item protruding beyond shelf</name>
              <mutable>False</mutable>
              <input_type>checkbox</input_type>
              <default_value>false</default_value>
              <values>false</values>
            </attribute>
          </attributes>
        </label>
        <label>
          <name>Shadow_Interference</name>
          <color>#7e4e98</color>
          <type>any</type>
          <attributes>
          </attributes>
        </label>
        <label>
          <name>Overexposed</name>
          <color>#92535f</color>
          <type>any</type>
          <attributes>
            <attribute>
              <name>Washed-out details from bright light</name>
              <mutable>False</mutable>
              <input_type>checkbox</input_type>
              <default_value>false</default_value>
              <values>false</values>
            </attribute>
          </attributes>
        </label>
        <label>
          <name>Partial_Occlusion</name>
          <color>#02797d</color>
          <type>any</type>
          <attributes>
            <attribute>
              <name>30-70% of item hidden</name>
              <mutable>False</mutable>
              <input_type>checkbox</input_type>
              <default_value>false</default_value>
              <values>false</values>
            </attribute>
          </attributes>
        </label>
        <label>
          <name>Kitchen_Napkin</name>
          <color>#1b4e36</color>
          <type>any</type>
          <attributes>
          </attributes>
        </label>
        <label>
          <name>Cup</name>
          <color>#8020c0</color>
          <type>any</type>
          <attributes>
          </attributes>
        </label>
        <label>
          <name>Plant_vase</name>
          <color>#f5543b</color>
          <type>any</type>
          <attributes>
          </attributes>
        </label>
        <label>
          <name>Bowl</name>
          <color>#a00080</color>
          <type>any</type>
          <attributes>
          </attributes>
        </label>
        <label>
          <name>Plate</name>
          <color>#a0a0a0</color>
          <type>any</type>
          <attributes>
          </attributes>
        </label>
        <label>
          <name>Jug</name>
          <color>#600020</color>
          <type>any</type>
          <attributes>
          </attributes>
        </label>
        <label>
          <name>Jar</name>
          <color>#7d1041</color>
          <type>any</type>
          <attributes>
          </attributes>
        </label>
        <label>
          <name>Chopping Board</name>
          <color>#ad8777</color>
          <type>any</type>
          <attributes>
          </attributes>
        </label>
        <label>
          <name>Damaged_Packaging</name>
          <color>#539242</color>
          <type>any</type>
          <attributes>
          </attributes>
        </label>
        <label>
          <name>Time_Sensitive</name>
          <color>#e67754</color>
          <type>any</type>
          <attributes>
          </attributes>
        </label>
        <label>
          <name>Multi_Angle_View</name>
          <color>#160214</color>
          <type>any</type>
          <attributes>
          </attributes>
        </label>
        <label>
          <name>Needs_Second_Look</name>
          <color>#258e74</color>
          <type>any</type>
          <attributes>
          </attributes>
        </label>
        <label>
          <name>Training_Example</name>
          <color>#8ce67e</color>
          <type>any</type>
          <attributes>
          </attributes>
        </label>
        <label>
          <name>Metrics_Exempt</name>
          <color>#0cf34c</color>
          <type>any</type>
          <attributes>
          </attributes>
        </label>
      </labels>
    </job>
    <dumped>2025-07-05 08:42:43.230641+00:00</dumped>
    <original_size>
      <width>270</width>
      <height>360</height>
    </original_size>
  </meta>
  <track id="0" label="Acceptable_Placement" source="manual">
    <box frame="35" keyframe="1" outside="0" occluded="0" xtl="184.10" ytl="214.10" xbr="236.50" ybr="322.90" z_order="0">
    </box>
    <box frame="36" keyframe="1" outside="1" occluded="0" xtl="184.10" ytl="214.10" xbr="236.50" ybr="322.90" z_order="0">
    </box>
  </track>
  <track id="1" label="Kitchen_Napkin" source="manual">
    <box frame="35" keyframe="1" outside="0" occluded="0" xtl="183.38" ytl="214.05" xbr="235.78" ybr="322.85" z_order="0">
    </box>
    <box frame="36" keyframe="1" outside="1" occluded="0" xtl="183.38" ytl="214.05" xbr="235.78" ybr="322.85" z_order="0">
    </box>
  </track>
  <track id="2" label="Overhang_Hazard" source="manual">
    <box frame="61" keyframe="1" outside="0" occluded="0" xtl="155.22" ytl="213.26" xbr="191.71" ybr="258.02" z_order="0">
      <attribute name="Item protruding beyond shelf">true</attribute>
    </box>
    <box frame="62" keyframe="1" outside="1" occluded="0" xtl="155.22" ytl="213.26" xbr="191.71" ybr="258.02" z_order="0">
      <attribute name="Item protruding beyond shelf">true</attribute>
    </box>
  </track>
  <track id="3" label="Cup" source="manual">
    <box frame="61" keyframe="1" outside="0" occluded="0" xtl="156.91" ytl="214.26" xbr="193.40" ybr="259.02" z_order="0">
    </box>
    <box frame="62" keyframe="1" outside="1" occluded="0" xtl="156.91" ytl="214.26" xbr="193.40" ybr="259.02" z_order="0">
    </box>
  </track>
  <track id="4" label="Cup" source="manual">
    <box frame="87" keyframe="1" outside="0" occluded="0" xtl="118.73" ytl="217.39" xbr="155.91" ybr="258.70" z_order="0">
    </box>
    <box frame="88" keyframe="1" outside="1" occluded="0" xtl="118.73" ytl="217.39" xbr="155.91" ybr="258.70" z_order="0">
    </box>
  </track>
  <track id="5" label="Overhang_Hazard" source="manual">
    <box frame="87" keyframe="1" outside="0" occluded="0" xtl="122.86" ytl="223.59" xbr="151.09" ybr="255.26" z_order="0">
      <attribute name="Item protruding beyond shelf">true</attribute>
    </box>
    <box frame="88" keyframe="1" outside="1" occluded="0" xtl="122.86" ytl="223.59" xbr="151.09" ybr="255.26" z_order="0">
      <attribute name="Item protruding beyond shelf">true</attribute>
    </box>
  </track>
  <track id="6" label="Overexposed" source="manual">
    <box frame="87" keyframe="1" outside="0" occluded="0" xtl="118.62" ytl="217.32" xbr="155.80" ybr="258.63" z_order="0">
      <attribute name="Washed-out details from bright light">false</attribute>
    </box>
    <box frame="88" keyframe="1" outside="1" occluded="0" xtl="118.62" ytl="217.32" xbr="155.80" ybr="258.63" z_order="0">
      <attribute name="Washed-out details from bright light">false</attribute>
    </box>
  </track>
  <track id="7" label="Plant_vase" source="manual">
    <box frame="104" keyframe="1" outside="0" occluded="0" xtl="7.19" ytl="143.72" xbr="81.55" ybr="207.06" z_order="0">
    </box>
    <box frame="105" keyframe="1" outside="1" occluded="0" xtl="7.19" ytl="143.72" xbr="81.55" ybr="207.06" z_order="0">
    </box>
  </track>
  <track id="8" label="Acceptable_Placement" source="manual">
    <box frame="104" keyframe="1" outside="0" occluded="0" xtl="6.47" ytl="145.07" xbr="80.83" ybr="208.41" z_order="0">
    </box>
    <box frame="105" keyframe="1" outside="1" occluded="0" xtl="6.47" ytl="145.07" xbr="80.83" ybr="208.41" z_order="0">
    </box>
  </track>
  <track id="9" label="Label_Hidden" source="manual">
    <box frame="127" keyframe="1" outside="0" occluded="0" xtl="33.01" ytl="157.75" xbr="96.80" ybr="200.69" z_order="0">
    </box>
    <box frame="128" keyframe="1" outside="1" occluded="0" xtl="33.01" ytl="157.75" xbr="96.80" ybr="200.69" z_order="0">
    </box>
  </track>
  <track id="10" label="Partial_Occlusion" source="manual">
    <box frame="127" keyframe="1" outside="0" occluded="0" xtl="33.32" ytl="157.77" xbr="97.10" ybr="200.72" z_order="0">
      <attribute name="30-70% of item hidden">true</attribute>
    </box>
    <box frame="128" keyframe="1" outside="1" occluded="0" xtl="33.32" ytl="157.77" xbr="97.10" ybr="200.72" z_order="0">
      <attribute name="30-70% of item hidden">true</attribute>
    </box>
  </track>
  <track id="11" label="Bowl" source="manual">
    <box frame="210" keyframe="1" outside="0" occluded="0" xtl="90.80" ytl="167.90" xbr="123.60" ybr="203.20" z_order="0">
    </box>
    <box frame="211" keyframe="1" outside="1" occluded="0" xtl="90.80" ytl="167.90" xbr="123.60" ybr="203.20" z_order="0">
    </box>
  </track>
  <track id="12" label="Faulty_Placement" source="manual">
    <box frame="210" keyframe="1" outside="0" occluded="0" xtl="91.13" ytl="167.91" xbr="123.93" ybr="203.21" z_order="0">
    </box>
    <box frame="211" keyframe="1" outside="1" occluded="0" xtl="91.13" ytl="167.91" xbr="123.93" ybr="203.21" z_order="0">
    </box>
  </track>
  <track id="13" label="Stacking_Violation" source="manual">
    <box frame="210" keyframe="1" outside="0" occluded="0" xtl="91.76" ytl="167.91" xbr="124.56" ybr="203.21" z_order="0">
    </box>
    <box frame="211" keyframe="1" outside="1" occluded="0" xtl="91.76" ytl="167.91" xbr="124.56" ybr="203.21" z_order="0">
    </box>
  </track>
  <track id="14" label="Shelf_Edge_Risk" source="manual">
    <box frame="302" keyframe="1" outside="0" occluded="0" xtl="132.20" ytl="181.75" xbr="181.43" ybr="204.44" z_order="0">
      <attribute name="Item within 2cm of shelf edge">true</attribute>
    </box>
    <box frame="303" keyframe="1" outside="1" occluded="0" xtl="132.20" ytl="181.75" xbr="181.43" ybr="204.44" z_order="0">
      <attribute name="Item within 2cm of shelf edge">true</attribute>
    </box>
  </track>
  <track id="15" label="Plate" source="manual">
    <box frame="302" keyframe="1" outside="0" occluded="0" xtl="131.54" ytl="181.16" xbr="180.77" ybr="203.85" z_order="0">
    </box>
    <box frame="303" keyframe="1" outside="1" occluded="0" xtl="131.54" ytl="181.16" xbr="180.77" ybr="203.85" z_order="0">
    </box>
  </track>
  <track id="16" label="Stacking_Violation" source="manual">
    <box frame="302" keyframe="1" outside="0" occluded="0" xtl="131.54" ytl="181.92" xbr="180.77" ybr="204.61" z_order="0">
    </box>
    <box frame="303" keyframe="1" outside="1" occluded="0" xtl="131.54" ytl="181.92" xbr="180.77" ybr="204.61" z_order="0">
    </box>
  </track>
  <track id="17" label="Jug" source="manual">
    <box frame="319" keyframe="1" outside="0" occluded="0" xtl="185.22" ytl="155.22" xbr="238.27" ybr="206.38" z_order="0">
    </box>
    <box frame="320" keyframe="1" outside="1" occluded="0" xtl="185.22" ytl="155.22" xbr="238.27" ybr="206.38" z_order="0">
    </box>
  </track>
  <track id="18" label="Acceptable_Placement" source="manual">
    <box frame="319" keyframe="1" outside="0" occluded="0" xtl="185.21" ytl="154.93" xbr="238.26" ybr="206.08" z_order="0">
    </box>
    <box frame="320" keyframe="1" outside="1" occluded="0" xtl="185.21" ytl="154.93" xbr="238.26" ybr="206.08" z_order="0">
    </box>
  </track>
  <track id="19" label="Jar" source="manual">
    <box frame="342" keyframe="1" outside="0" occluded="0" xtl="186.48" ytl="80.06" xbr="238.90" ybr="140.69" z_order="0">
    </box>
    <box frame="343" keyframe="1" outside="1" occluded="0" xtl="186.48" ytl="80.06" xbr="238.90" ybr="140.69" z_order="0">
    </box>
  </track>
  <track id="20" label="Acceptable_Placement" source="manual">
    <box frame="342" keyframe="1" outside="0" occluded="0" xtl="186.16" ytl="79.45" xbr="238.58" ybr="140.08" z_order="0">
    </box>
    <box frame="343" keyframe="1" outside="1" occluded="0" xtl="186.16" ytl="79.45" xbr="238.58" ybr="140.08" z_order="0">
    </box>
  </track>
  <track id="21" label="Shelf_Edge_Risk" source="manual">
    <box frame="342" keyframe="1" outside="0" occluded="0" xtl="185.53" ytl="79.45" xbr="237.95" ybr="140.08" z_order="0">
      <attribute name="Item within 2cm of shelf edge">true</attribute>
    </box>
    <box frame="343" keyframe="1" outside="1" occluded="0" xtl="185.53" ytl="79.45" xbr="237.95" ybr="140.08" z_order="0">
      <attribute name="Item within 2cm of shelf edge">true</attribute>
    </box>
  </track>
  <track id="22" label="Acceptable_Placement" source="manual">
    <box frame="364" keyframe="1" outside="0" occluded="0" xtl="149.85" ytl="90.17" xbr="191.54" ybr="139.43" z_order="0">
    </box>
    <box frame="365" keyframe="1" outside="1" occluded="0" xtl="149.85" ytl="90.17" xbr="191.54" ybr="139.43" z_order="0">
    </box>
  </track>
  <track id="23" label="Jar" source="manual">
    <box frame="364" keyframe="1" outside="0" occluded="0" xtl="149.84" ytl="91.45" xbr="191.53" ybr="140.72" z_order="0">
    </box>
    <box frame="365" keyframe="1" outside="1" occluded="0" xtl="149.84" ytl="91.45" xbr="191.53" ybr="140.72" z_order="0">
    </box>
  </track>
  <track id="24" label="Training_Example" source="manual">
    <box frame="364" keyframe="1" outside="0" occluded="0" xtl="150.47" ytl="90.19" xbr="192.16" ybr="139.45" z_order="0">
    </box>
    <box frame="365" keyframe="1" outside="1" occluded="0" xtl="150.47" ytl="90.19" xbr="192.16" ybr="139.45" z_order="0">
    </box>
  </track>
  <track id="25" label="Perfect_Placement" source="manual">
    <box frame="380" keyframe="1" outside="0" occluded="0" xtl="117.01" ytl="106.59" xbr="148.59" ybr="140.06" z_order="0">
    </box>
    <box frame="381" keyframe="1" outside="1" occluded="0" xtl="117.01" ytl="106.59" xbr="148.59" ybr="140.06" z_order="0">
    </box>
  </track>
  <track id="26" label="Jar" source="manual">
    <box frame="380" keyframe="1" outside="0" occluded="0" xtl="117.00" ytl="106.93" xbr="148.58" ybr="140.40" z_order="0">
    </box>
    <box frame="381" keyframe="1" outside="1" occluded="0" xtl="117.00" ytl="106.93" xbr="148.58" ybr="140.40" z_order="0">
    </box>
  </track>
  <track id="27" label="Perfect_Placement" source="manual">
    <box frame="405" keyframe="1" outside="0" occluded="0" xtl="95.54" ytl="107.85" xbr="123.96" ybr="139.43" z_order="0">
    </box>
    <box frame="406" keyframe="1" outside="1" occluded="0" xtl="95.54" ytl="107.85" xbr="123.96" ybr="139.43" z_order="0">
    </box>
  </track>
  <track id="28" label="Jar" source="manual">
    <box frame="405" keyframe="1" outside="0" occluded="0" xtl="95.84" ytl="107.24" xbr="124.26" ybr="138.82" z_order="0">
    </box>
    <box frame="406" keyframe="1" outside="1" occluded="0" xtl="95.84" ytl="107.24" xbr="124.26" ybr="138.82" z_order="0">
    </box>
  </track>
  <track id="29" label="Chopping Board" source="manual">
    <box frame="428" keyframe="1" outside="0" occluded="0" xtl="99.96" ytl="69.96" xbr="153.64" ybr="145.75" z_order="0">
    </box>
    <box frame="429" keyframe="1" outside="1" occluded="0" xtl="99.96" ytl="69.96" xbr="153.64" ybr="145.75" z_order="0">
    </box>
  </track>
  <track id="30" label="Partial_Occlusion" source="manual">
    <box frame="428" keyframe="1" outside="0" occluded="0" xtl="99.63" ytl="66.19" xbr="153.31" ybr="141.98" z_order="0">
      <attribute name="30-70% of item hidden">true</attribute>
    </box>
    <box frame="429" keyframe="1" outside="1" occluded="0" xtl="99.63" ytl="66.19" xbr="153.31" ybr="141.98" z_order="0">
      <attribute name="30-70% of item hidden">true</attribute>
    </box>
  </track>
  <track id="31" label="Faulty_Placement" source="manual">
    <box frame="428" keyframe="1" outside="0" occluded="0" xtl="100.26" ytl="66.82" xbr="153.95" ybr="142.61" z_order="0">
    </box>
    <box frame="429" keyframe="1" outside="1" occluded="0" xtl="100.26" ytl="66.82" xbr="153.95" ybr="142.61" z_order="0">
    </box>
  </track>
  <track id="32" label="Acceptable_Placement" source="manual">
    <box frame="467" keyframe="1" outside="0" occluded="0" xtl="15.33" ytl="58.59" xbr="106.27" ybr="140.69" z_order="0">
    </box>
    <box frame="468" keyframe="1" outside="1" occluded="0" xtl="15.33" ytl="58.59" xbr="106.27" ybr="140.69" z_order="0">
    </box>
  </track>
  <track id="33" label="Chopping Board" source="manual">
    <box frame="467" keyframe="1" outside="0" occluded="0" xtl="14.05" ytl="59.24" xbr="105.00" ybr="141.35" z_order="0">
    </box>
    <box frame="468" keyframe="1" outside="1" occluded="0" xtl="14.05" ytl="59.24" xbr="105.00" ybr="141.35" z_order="0">
    </box>
  </track>
</annotations>
